Year,End_Use,Fuel_Technology,Energy_ktoe,Population,Households,Inhabitants per household,HDD,CDD,GDP,Expenditure
2000,Cooking,Electricity,2603.127898,82163475.0,38136234.0,2.154472699,3636.65,1.15,3295140.008,1853218.384
2000,Cooking,Natural gas,75.09996805,82163475.0,38136234.0,2.154472699,3636.65,1.15,3295140.008,1853218.384
2000,Space cooling,Air conditioning,49.76589487,82163475.0,38136234.0,2.154472699,3636.65,1.15,3295140.008,1853218.384
2000,Space heating,Advanced electric heating,91.03183614,82163475.0,38136234.0,2.154472699,3636.65,1.15,3295140.008,1853218.384
2000,Space heating,Biomass,3840.225618,82163475.0,38136234.0,2.154472699,3636.65,1.15,3295140.008,1853218.384
2000,Space heating,Conventional electric heating,162.9334677,82163475.0,38136234.0,2.154472699,3636.65,1.15,3295140.008,1853218.384
2000,Space heating,Diesel oil,16476.62666,82163475.0,38136234.0,2.154472699,3636.65,1.15,3295140.008,1853218.384
2000,Space heating,Distributed heat,5389.732826,82163475.0,38136234.0,2.154472699,3636.65,1.15,3295140.008,1853218.384
2000,Space heating,Electricity in circulation,544.3198161,82163475.0,38136234.0,2.154472699,3636.65,1.15,3295140.008,1853218.384
2000,Space heating,Geothermal,0.0,82163475.0,38136234.0,2.154472699,3636.65,1.15,3295140.008,1853218.384
2000,Space heating,Liquified petroleum gas (LPG),756.0225206,82163475.0,38136234.0,2.154472699,3636.65,1.15,3295140.008,1853218.384
2000,Space heating,Natural gas,20138.71573,82163475.0,38136234.0,2.154472699,3636.65,1.15,3295140.008,1853218.384
2000,Space heating,Solids,918.3542562,82163475.0,38136234.0,2.154472699,3636.65,1.15,3295140.008,1853218.384
2000,Water heating,Biomass,187.4088623,82163475.0,38136234.0,2.154472699,3636.65,1.15,3295140.008,1853218.384
2000,Water heating,Diesel oil,2319.537483,82163475.0,38136234.0,2.154472699,3636.65,1.15,3295140.008,1853218.384
2000,Water heating,Distributed heat,540.4286533,82163475.0,38136234.0,2.154472699,3636.65,1.15,3295140.008,1853218.384
2000,Water heating,Electricity,1268.21822,82163475.0,38136234.0,2.154472699,3636.65,1.15,3295140.008,1853218.384
2000,Water heating,Geothermal,0.0,82163475.0,38136234.0,2.154472699,3636.65,1.15,3295140.008,1853218.384
2000,Water heating,Liquified petroleum gas (LPG),130.824255,82163475.0,38136234.0,2.154472699,3636.65,1.15,3295140.008,1853218.384
2000,Water heating,Natural gas,3227.22042,82163475.0,38136234.0,2.154472699,3636.65,1.15,3295140.008,1853218.384
2000,Water heating,Solar,96.82811694,82163475.0,38136234.0,2.154472699,3636.65,1.15,3295140.008,1853218.384
2001,Cooking,Electricity,2709.503647,82259540.0,38317671.0,2.14677818,3423.87,0.93,3349036.49,1871497.485
2001,Cooking,Natural gas,77.14894562,82259540.0,38317671.0,2.14677818,3423.87,0.93,3349036.49,1871497.485
2001,Space cooling,Air conditioning,49.6473295,82259540.0,38317671.0,2.14677818,3423.87,0.93,3349036.49,1871497.485
2001,Space heating,Advanced electric heating,119.3348926,82259540.0,38317671.0,2.14677818,3423.87,0.93,3349036.49,1871497.485
2001,Space heating,Biomass,3908.514351,82259540.0,38317671.0,2.14677818,3423.87,0.93,3349036.49,1871497.485
2001,Space heating,Conventional electric heating,186.3840985,82259540.0,38317671.0,2.14677818,3423.87,0.93,3349036.49,1871497.485
2001,Space heating,Diesel oil,18959.80097,82259540.0,38317671.0,2.14677818,3423.87,0.93,3349036.49,1871497.485
2001,Space heating,Distributed heat,5494.95262,82259540.0,38317671.0,2.14677818,3423.87,0.93,3349036.49,1871497.485
2001,Space heating,Electricity in circulation,590.3918146,82259540.0,38317671.0,2.14677818,3423.87,0.93,3349036.49,1871497.485
2001,Space heating,Geothermal,0.0,82259540.0,38317671.0,2.14677818,3423.87,0.93,3349036.49,1871497.485
2001,Space heating,Liquified petroleum gas (LPG),773.8565346,82259540.0,38317671.0,2.14677818,3423.87,0.93,3349036.49,1871497.485
2001,Space heating,Natural gas,21336.33474,82259540.0,38317671.0,2.14677818,3423.87,0.93,3349036.49,1871497.485
2001,Space heating,Solids,892.2729149,82259540.0,38317671.0,2.14677818,3423.87,0.93,3349036.49,1871497.485
2001,Water heating,Biomass,192.4696555,82259540.0,38317671.0,2.14677818,3423.87,0.93,3349036.49,1871497.485
2001,Water heating,Diesel oil,2593.958449,82259540.0,38317671.0,2.14677818,3423.87,0.93,3349036.49,1871497.485
2001,Water heating,Distributed heat,530.890544,82259540.0,38317671.0,2.14677818,3423.87,0.93,3349036.49,1871497.485
2001,Water heating,Electricity,1258.480683,82259540.0,38317671.0,2.14677818,3423.87,0.93,3349036.49,1871497.485
2001,Water heating,Geothermal,0.0,82259540.0,38317671.0,2.14677818,3423.87,0.93,3349036.49,1871497.485
2001,Water heating,Liquified petroleum gas (LPG),118.6389083,82259540.0,38317671.0,2.14677818,3423.87,0.93,3349036.49,1871497.485
2001,Water heating,Natural gas,3315.471605,82259540.0,38317671.0,2.14677818,3423.87,0.93,3349036.49,1871497.485
2001,Water heating,Solar,125.4418745,82259540.0,38317671.0,2.14677818,3423.87,0.93,3349036.49,1871497.485
2002,Cooking,Electricity,2788.441782,82440309.0,38540012.0,2.139083636,3210.62,7.66,3341396.677,1861025.537
2002,Cooking,Natural gas,83.5463457,82440309.0,38540012.0,2.139083636,3210.62,7.66,3341396.677,1861025.537
2002,Space cooling,Air conditioning,49.63408028,82440309.0,38540012.0,2.139083636,3210.62,7.66,3341396.677,1861025.537
2002,Space heating,Advanced electric heating,143.7581659,82440309.0,38540012.0,2.139083636,3210.62,7.66,3341396.677,1861025.537
2002,Space heating,Biomass,3918.078384,82440309.0,38540012.0,2.139083636,3210.62,7.66,3341396.677,1861025.537
2002,Space heating,Conventional electric heating,196.0012446,82440309.0,38540012.0,2.139083636,3210.62,7.66,3341396.677,1861025.537
2002,Space heating,Diesel oil,16602.49267,82440309.0,38540012.0,2.139083636,3210.62,7.66,3341396.677,1861025.537
2002,Space heating,Distributed heat,5378.872791,82440309.0,38540012.0,2.139083636,3210.62,7.66,3341396.677,1861025.537
2002,Space heating,Electricity in circulation,550.6291821,82440309.0,38540012.0,2.139083636,3210.62,7.66,3341396.677,1861025.537
2002,Space heating,Geothermal,0.0,82440309.0,38540012.0,2.139083636,3210.62,7.66,3341396.677,1861025.537
2002,Space heating,Liquified petroleum gas (LPG),689.4403245,82440309.0,38540012.0,2.139083636,3210.62,7.66,3341396.677,1861025.537
2002,Space heating,Natural gas,21103.50378,82440309.0,38540012.0,2.139083636,3210.62,7.66,3341396.677,1861025.537
2002,Space heating,Solids,730.4535684,82440309.0,38540012.0,2.139083636,3210.62,7.66,3341396.677,1861025.537
2002,Water heating,Biomass,216.3440584,82440309.0,38540012.0,2.139083636,3210.62,7.66,3341396.677,1861025.537
2002,Water heating,Diesel oil,2446.322635,82440309.0,38540012.0,2.139083636,3210.62,7.66,3341396.677,1861025.537
2002,Water heating,Distributed heat,556.8298747,82440309.0,38540012.0,2.139083636,3210.62,7.66,3341396.677,1861025.537
2002,Water heating,Electricity,1284.575949,82440309.0,38540012.0,2.139083636,3210.62,7.66,3341396.677,1861025.537
2002,Water heating,Geothermal,0.0,82440309.0,38540012.0,2.139083636,3210.62,7.66,3341396.677,1861025.537
2002,Water heating,Liquified petroleum gas (LPG),109.2865887,82440309.0,38540012.0,2.139083636,3210.62,7.66,3341396.677,1861025.537
2002,Water heating,Natural gas,3541.023818,82440309.0,38540012.0,2.139083636,3210.62,7.66,3341396.677,1861025.537
2002,Water heating,Solar,148.8487532,82440309.0,38540012.0,2.139083636,3210.62,7.66,3341396.677,1861025.537
2003,Cooking,Electricity,2856.583087,82536680.0,38724361.0,2.131389076,3215.86,17.75,3323696.755,1875000.513
2003,Cooking,Natural gas,89.29183817,82536680.0,38724361.0,2.131389076,3215.86,17.75,3323696.755,1875000.513
2003,Space cooling,Air conditioning,93.46811527,82536680.0,38724361.0,2.131389076,3215.86,17.75,3323696.755,1875000.513
2003,Space heating,Advanced electric heating,167.4005501,82536680.0,38724361.0,2.131389076,3215.86,17.75,3323696.755,1875000.513
2003,Space heating,Biomass,4401.405201,82536680.0,38724361.0,2.131389076,3215.86,17.75,3323696.755,1875000.513
2003,Space heating,Conventional electric heating,210.8215155,82536680.0,38724361.0,2.131389076,3215.86,17.75,3323696.755,1875000.513
2003,Space heating,Diesel oil,16020.42948,82536680.0,38724361.0,2.131389076,3215.86,17.75,3323696.755,1875000.513
2003,Space heating,Distributed heat,4553.370557,82536680.0,38724361.0,2.131389076,3215.86,17.75,3323696.755,1875000.513
2003,Space heating,Electricity in circulation,531.686491,82536680.0,38724361.0,2.131389076,3215.86,17.75,3323696.755,1875000.513
2003,Space heating,Geothermal,1.41989151,82536680.0,38724361.0,2.131389076,3215.86,17.75,3323696.755,1875000.513
2003,Space heating,Liquified petroleum gas (LPG),597.4557506,82536680.0,38724361.0,2.131389076,3215.86,17.75,3323696.755,1875000.513
2003,Space heating,Natural gas,21001.01431,82536680.0,38724361.0,2.131389076,3215.86,17.75,3323696.755,1875000.513
2003,Space heating,Solids,740.9047291,82536680.0,38724361.0,2.131389076,3215.86,17.75,3323696.755,1875000.513
2003,Water heating,Biomass,266.2168106,82536680.0,38724361.0,2.131389076,3215.86,17.75,3323696.755,1875000.513
2003,Water heating,Diesel oil,2479.033377,82536680.0,38724361.0,2.131389076,3215.86,17.75,3323696.755,1875000.513
2003,Water heating,Distributed heat,491.7235102,82536680.0,38724361.0,2.131389076,3215.86,17.75,3323696.755,1875000.513
2003,Water heating,Electricity,1255.474905,82536680.0,38724361.0,2.131389076,3215.86,17.75,3323696.755,1875000.513
2003,Water heating,Geothermal,0.108741336,82536680.0,38724361.0,2.131389076,3215.86,17.75,3323696.755,1875000.513
2003,Water heating,Liquified petroleum gas (LPG),91.68956321,82536680.0,38724361.0,2.131389076,3215.86,17.75,3323696.755,1875000.513
2003,Water heating,Natural gas,3701.851982,82536680.0,38724361.0,2.131389076,3215.86,17.75,3323696.755,1875000.513
2003,Water heating,Solar,199.8901118,82536680.0,38724361.0,2.131389076,3215.86,17.75,3323696.755,1875000.513
2004,Cooking,Electricity,2946.171097,82531671.0,38862308.0,2.123694532,3501.02,7.0,3362311.399,1886923.197
2004,Cooking,Natural gas,92.22841253,82531671.0,38862308.0,2.123694532,3501.02,7.0,3362311.399,1886923.197
2004,Space cooling,Air conditioning,51.23801444,82531671.0,38862308.0,2.123694532,3501.02,7.0,3362311.399,1886923.197
2004,Space heating,Advanced electric heating,162.6678391,82531671.0,38862308.0,2.123694532,3501.02,7.0,3362311.399,1886923.197
2004,Space heating,Biomass,4275.626655,82531671.0,38862308.0,2.123694532,3501.02,7.0,3362311.399,1886923.197
2004,Space heating,Conventional electric heating,211.5450667,82531671.0,38862308.0,2.123694532,3501.02,7.0,3362311.399,1886923.197
2004,Space heating,Diesel oil,14367.6393,82531671.0,38862308.0,2.123694532,3501.02,7.0,3362311.399,1886923.197
2004,Space heating,Distributed heat,4910.478622,82531671.0,38862308.0,2.123694532,3501.02,7.0,3362311.399,1886923.197
2004,Space heating,Electricity in circulation,503.6831445,82531671.0,38862308.0,2.123694532,3501.02,7.0,3362311.399,1886923.197
2004,Space heating,Geothermal,3.470988293,82531671.0,38862308.0,2.123694532,3501.02,7.0,3362311.399,1886923.197
2004,Space heating,Liquified petroleum gas (LPG),788.7283893,82531671.0,38862308.0,2.123694532,3501.02,7.0,3362311.399,1886923.197
2004,Space heating,Natural gas,20222.33937,82531671.0,38862308.0,2.123694532,3501.02,7.0,3362311.399,1886923.197
2004,Space heating,Solids,598.9794497,82531671.0,38862308.0,2.123694532,3501.02,7.0,3362311.399,1886923.197
2004,Water heating,Biomass,285.183491,82531671.0,38862308.0,2.123694532,3501.02,7.0,3362311.399,1886923.197
2004,Water heating,Diesel oil,2347.793034,82531671.0,38862308.0,2.123694532,3501.02,7.0,3362311.399,1886923.197
2004,Water heating,Distributed heat,555.9157894,82531671.0,38862308.0,2.123694532,3501.02,7.0,3362311.399,1886923.197
2004,Water heating,Electricity,1301.242202,82531671.0,38862308.0,2.123694532,3501.02,7.0,3362311.399,1886923.197
2004,Water heating,Geothermal,0.278882731,82531671.0,38862308.0,2.123694532,3501.02,7.0,3362311.399,1886923.197
2004,Water heating,Liquified petroleum gas (LPG),126.81959,82531671.0,38862308.0,2.123694532,3501.02,7.0,3362311.399,1886923.197
2004,Water heating,Natural gas,3760.919749,82531671.0,38862308.0,2.123694532,3501.02,7.0,3362311.399,1886923.197
2004,Water heating,Solar,204.0699054,82531671.0,38862308.0,2.123694532,3501.02,7.0,3362311.399,1886923.197
2005,Cooking,Electricity,3010.029971,82500849.0,38989059.0,2.116000004,3663.45,1.92,3392115.619,1903980.247
2005,Cooking,Natural gas,93.924142,82500849.0,38989059.0,2.116000004,3663.45,1.92,3392115.619,1903980.247
2005,Space cooling,Air conditioning,55.74994341,82500849.0,38989059.0,2.116000004,3663.45,1.92,3392115.619,1903980.247
2005,Space heating,Advanced electric heating,164.7166781,82500849.0,38989059.0,2.116000004,3663.45,1.92,3392115.619,1903980.247
2005,Space heating,Biomass,4185.392107,82500849.0,38989059.0,2.116000004,3663.45,1.92,3392115.619,1903980.247
2005,Space heating,Conventional electric heating,211.6491256,82500849.0,38989059.0,2.116000004,3663.45,1.92,3392115.619,1903980.247
2005,Space heating,Diesel oil,14149.99456,82500849.0,38989059.0,2.116000004,3663.45,1.92,3392115.619,1903980.247
2005,Space heating,Distributed heat,4775.71622,82500849.0,38989059.0,2.116000004,3663.45,1.92,3392115.619,1903980.247
2005,Space heating,Electricity in circulation,487.2048553,82500849.0,38989059.0,2.116000004,3663.45,1.92,3392115.619,1903980.247
2005,Space heating,Geothermal,3.713146349,82500849.0,38989059.0,2.116000004,3663.45,1.92,3392115.619,1903980.247
2005,Space heating,Liquified petroleum gas (LPG),696.142011,82500849.0,38989059.0,2.116000004,3663.45,1.92,3392115.619,1903980.247
2005,Space heating,Natural gas,19441.88182,82500849.0,38989059.0,2.116000004,3663.45,1.92,3392115.619,1903980.247
2005,Space heating,Solids,603.7039553,82500849.0,38989059.0,2.116000004,3663.45,1.92,3392115.619,1903980.247
2005,Water heating,Biomass,304.5286148,82500849.0,38989059.0,2.116000004,3663.45,1.92,3392115.619,1903980.247
2005,Water heating,Diesel oil,2412.461762,82500849.0,38989059.0,2.116000004,3663.45,1.92,3392115.619,1903980.247
2005,Water heating,Distributed heat,559.5039867,82500849.0,38989059.0,2.116000004,3663.45,1.92,3392115.619,1903980.247
2005,Water heating,Electricity,1283.976955,82500849.0,38989059.0,2.116000004,3663.45,1.92,3392115.619,1903980.247
2005,Water heating,Geothermal,0.308951673,82500849.0,38989059.0,2.116000004,3663.45,1.92,3392115.619,1903980.247
2005,Water heating,Liquified petroleum gas (LPG),110.3323656,82500849.0,38989059.0,2.116000004,3663.45,1.92,3392115.619,1903980.247
2005,Water heating,Natural gas,3766.999279,82500849.0,38989059.0,2.116000004,3663.45,1.92,3392115.619,1903980.247
2005,Water heating,Solar,242.0703353,82500849.0,38989059.0,2.116000004,3663.45,1.92,3392115.619,1903980.247
2006,Cooking,Electricity,2966.941855,82437995.0,39331104.0,2.096000026,3555.26,6.77,3523280.045,1931127.377
2006,Cooking,Natural gas,89.85686195,82437995.0,39331104.0,2.096000026,3555.26,6.77,3523280.045,1931127.377
2006,Space cooling,Air conditioning,88.53418697,82437995.0,39331104.0,2.096000026,3555.26,6.77,3523280.045,1931127.377
2006,Space heating,Advanced electric heating,186.205315,82437995.0,39331104.0,2.096000026,3555.26,6.77,3523280.045,1931127.377
2006,Space heating,Biomass,4943.559114,82437995.0,39331104.0,2.096000026,3555.26,6.77,3523280.045,1931127.377
2006,Space heating,Conventional electric heating,209.3041869,82437995.0,39331104.0,2.096000026,3555.26,6.77,3523280.045,1931127.377
2006,Space heating,Diesel oil,15121.03304,82437995.0,39331104.0,2.096000026,3555.26,6.77,3523280.045,1931127.377
2006,Space heating,Distributed heat,4314.834692,82437995.0,39331104.0,2.096000026,3555.26,6.77,3523280.045,1931127.377
2006,Space heating,Electricity in circulation,490.7480812,82437995.0,39331104.0,2.096000026,3555.26,6.77,3523280.045,1931127.377
2006,Space heating,Geothermal,3.956759034,82437995.0,39331104.0,2.096000026,3555.26,6.77,3523280.045,1931127.377
2006,Space heating,Liquified petroleum gas (LPG),750.8180294,82437995.0,39331104.0,2.096000026,3555.26,6.77,3523280.045,1931127.377
2006,Space heating,Natural gas,19016.65663,82437995.0,39331104.0,2.096000026,3555.26,6.77,3523280.045,1931127.377
2006,Space heating,Solids,679.5582975,82437995.0,39331104.0,2.096000026,3555.26,6.77,3523280.045,1931127.377
2006,Water heating,Biomass,367.9198198,82437995.0,39331104.0,2.096000026,3555.26,6.77,3523280.045,1931127.377
2006,Water heating,Diesel oil,2518.051057,82437995.0,39331104.0,2.096000026,3555.26,6.77,3523280.045,1931127.377
2006,Water heating,Distributed heat,489.0966925,82437995.0,39331104.0,2.096000026,3555.26,6.77,3523280.045,1931127.377
2006,Water heating,Electricity,1243.359736,82437995.0,39331104.0,2.096000026,3555.26,6.77,3523280.045,1931127.377
2006,Water heating,Geothermal,0.318563408,82437995.0,39331104.0,2.096000026,3555.26,6.77,3523280.045,1931127.377
2006,Water heating,Liquified petroleum gas (LPG),115.4651176,82437995.0,39331104.0,2.096000026,3555.26,6.77,3523280.045,1931127.377
2006,Water heating,Natural gas,3588.824088,82437995.0,39331104.0,2.096000026,3555.26,6.77,3523280.045,1931127.377
2006,Water heating,Solar,285.2058469,82437995.0,39331104.0,2.096000026,3555.26,6.77,3523280.045,1931127.377
2007,Cooking,Electricity,2816.594157,82314906.0,39593509.0,2.07900002,3693.15,3.21,3625055.031,1928247.726
2007,Cooking,Natural gas,93.37634231,82314906.0,39593509.0,2.07900002,3693.15,3.21,3625055.031,1928247.726
2007,Space cooling,Air conditioning,70.19962381,82314906.0,39593509.0,2.07900002,3693.15,3.21,3625055.031,1928247.726
2007,Space heating,Advanced electric heating,217.3598406,82314906.0,39593509.0,2.07900002,3693.15,3.21,3625055.031,1928247.726
2007,Space heating,Biomass,5040.713621,82314906.0,39593509.0,2.07900002,3693.15,3.21,3625055.031,1928247.726
2007,Space heating,Conventional electric heating,180.8096514,82314906.0,39593509.0,2.07900002,3693.15,3.21,3625055.031,1928247.726
2007,Space heating,Diesel oil,8916.043416,82314906.0,39593509.0,2.07900002,3693.15,3.21,3625055.031,1928247.726
2007,Space heating,Distributed heat,3869.591298,82314906.0,39593509.0,2.07900002,3693.15,3.21,3625055.031,1928247.726
2007,Space heating,Electricity in circulation,385.4131038,82314906.0,39593509.0,2.07900002,3693.15,3.21,3625055.031,1928247.726
2007,Space heating,Geothermal,3.706318803,82314906.0,39593509.0,2.07900002,3693.15,3.21,3625055.031,1928247.726
2007,Space heating,Liquified petroleum gas (LPG),464.0089765,82314906.0,39593509.0,2.07900002,3693.15,3.21,3625055.031,1928247.726
2007,Space heating,Natural gas,17178.38261,82314906.0,39593509.0,2.07900002,3693.15,3.21,3625055.031,1928247.726
2007,Space heating,Solids,717.5073087,82314906.0,39593509.0,2.07900002,3693.15,3.21,3625055.031,1928247.726
2007,Water heating,Biomass,470.4882709,82314906.0,39593509.0,2.07900002,3693.15,3.21,3625055.031,1928247.726
2007,Water heating,Diesel oil,1770.476361,82314906.0,39593509.0,2.07900002,3693.15,3.21,3625055.031,1928247.726
2007,Water heating,Distributed heat,519.8946868,82314906.0,39593509.0,2.07900002,3693.15,3.21,3625055.031,1928247.726
2007,Water heating,Electricity,1354.560471,82314906.0,39593509.0,2.07900002,3693.15,3.21,3625055.031,1928247.726
2007,Water heating,Geothermal,0.354042332,82314906.0,39593509.0,2.07900002,3693.15,3.21,3625055.031,1928247.726
2007,Water heating,Liquified petroleum gas (LPG),96.6912815,82314906.0,39593509.0,2.07900002,3693.15,3.21,3625055.031,1928247.726
2007,Water heating,Natural gas,3871.780258,82314906.0,39593509.0,2.07900002,3693.15,3.21,3625055.031,1928247.726
2007,Water heating,Solar,317.0201204,82314906.0,39593509.0,2.07900002,3693.15,3.21,3625055.031,1928247.726
2008,Cooking,Electricity,2714.621304,82217837.0,40008680.0,2.05499999,3079.76,3.41,3657250.822,1929468.383
2008,Cooking,Natural gas,83.07111325,82217837.0,40008680.0,2.05499999,3079.76,3.41,3657250.822,1929468.383
2008,Space cooling,Air conditioning,78.53593929,82217837.0,40008680.0,2.05499999,3079.76,3.41,3657250.822,1929468.383
2008,Space heating,Advanced electric heating,255.8600741,82217837.0,40008680.0,2.05499999,3079.76,3.41,3657250.822,1929468.383
2008,Space heating,Biomass,6007.756514,82217837.0,40008680.0,2.05499999,3079.76,3.41,3657250.822,1929468.383
2008,Space heating,Conventional electric heating,194.9473951,82217837.0,40008680.0,2.05499999,3079.76,3.41,3657250.822,1929468.383
2008,Space heating,Diesel oil,13101.30504,82217837.0,40008680.0,2.05499999,3079.76,3.41,3657250.822,1929468.383
2008,Space heating,Distributed heat,3951.648559,82217837.0,40008680.0,2.05499999,3079.76,3.41,3657250.822,1929468.383
2008,Space heating,Electricity in circulation,461.6035228,82217837.0,40008680.0,2.05499999,3079.76,3.41,3657250.822,1929468.383
2008,Space heating,Geothermal,5.316254632,82217837.0,40008680.0,2.05499999,3079.76,3.41,3657250.822,1929468.383
2008,Space heating,Liquified petroleum gas (LPG),643.4283926,82217837.0,40008680.0,2.05499999,3079.76,3.41,3657250.822,1929468.383
2008,Space heating,Natural gas,18517.83616,82217837.0,40008680.0,2.05499999,3079.76,3.41,3657250.822,1929468.383
2008,Space heating,Solids,651.705417,82217837.0,40008680.0,2.05499999,3079.76,3.41,3657250.822,1929468.383
2008,Water heating,Biomass,509.9419386,82217837.0,40008680.0,2.05499999,3079.76,3.41,3657250.822,1929468.383
2008,Water heating,Diesel oil,2282.686445,82217837.0,40008680.0,2.05499999,3079.76,3.41,3657250.822,1929468.383
2008,Water heating,Distributed heat,458.9753451,82217837.0,40008680.0,2.05499999,3079.76,3.41,3657250.822,1929468.383
2008,Water heating,Electricity,1269.691722,82217837.0,40008680.0,2.05499999,3079.76,3.41,3657250.822,1929468.383
2008,Water heating,Geothermal,0.439893261,82217837.0,40008680.0,2.05499999,3079.76,3.41,3657250.822,1929468.383
2008,Water heating,Liquified petroleum gas (LPG),113.062665,82217837.0,40008680.0,2.05499999,3079.76,3.41,3657250.822,1929468.383
2008,Water heating,Natural gas,3636.906309,82217837.0,40008680.0,2.05499999,3079.76,3.41,3657250.822,1929468.383
2008,Water heating,Solar,361.8515047,82217837.0,40008680.0,2.05499999,3079.76,3.41,3657250.822,1929468.383
2009,Cooking,Electricity,2702.751193,82002356.0,40079353.0,2.045999994,2989.94,7.57,3454456.178,1936470.72
2009,Cooking,Natural gas,87.21072158,82002356.0,40079353.0,2.045999994,2989.94,7.57,3454456.178,1936470.72
2009,Space cooling,Air conditioning,81.70888857,82002356.0,40079353.0,2.045999994,2989.94,7.57,3454456.178,1936470.72
2009,Space heating,Advanced electric heating,291.2287432,82002356.0,40079353.0,2.045999994,2989.94,7.57,3454456.178,1936470.72
2009,Space heating,Biomass,5250.492162,82002356.0,40079353.0,2.045999994,2989.94,7.57,3454456.178,1936470.72
2009,Space heating,Conventional electric heating,183.6539354,82002356.0,40079353.0,2.045999994,2989.94,7.57,3454456.178,1936470.72
2009,Space heating,Diesel oil,11272.10153,82002356.0,40079353.0,2.045999994,2989.94,7.57,3454456.178,1936470.72
2009,Space heating,Distributed heat,3755.355769,82002356.0,40079353.0,2.045999994,2989.94,7.57,3454456.178,1936470.72
2009,Space heating,Electricity in circulation,430.2338532,82002356.0,40079353.0,2.045999994,2989.94,7.57,3454456.178,1936470.72
2009,Space heating,Geothermal,7.534992375,82002356.0,40079353.0,2.045999994,2989.94,7.57,3454456.178,1936470.72
2009,Space heating,Liquified petroleum gas (LPG),620.110472,82002356.0,40079353.0,2.045999994,2989.94,7.57,3454456.178,1936470.72
2009,Space heating,Natural gas,18199.26497,82002356.0,40079353.0,2.045999994,2989.94,7.57,3454456.178,1936470.72
2009,Space heating,Solids,634.8128977,82002356.0,40079353.0,2.045999994,2989.94,7.57,3454456.178,1936470.72
2009,Water heating,Biomass,494.2055163,82002356.0,40079353.0,2.045999994,2989.94,7.57,3454456.178,1936470.72
2009,Water heating,Diesel oil,2091.586257,82002356.0,40079353.0,2.045999994,2989.94,7.57,3454456.178,1936470.72
2009,Water heating,Distributed heat,458.8651253,82002356.0,40079353.0,2.045999994,2989.94,7.57,3454456.178,1936470.72
2009,Water heating,Electricity,1278.951404,82002356.0,40079353.0,2.045999994,2989.94,7.57,3454456.178,1936470.72
2009,Water heating,Geothermal,0.657440987,82002356.0,40079353.0,2.045999994,2989.94,7.57,3454456.178,1936470.72
2009,Water heating,Liquified petroleum gas (LPG),114.3098204,82002356.0,40079353.0,2.045999994,2989.94,7.57,3454456.178,1936470.72
2009,Water heating,Natural gas,3672.208143,82002356.0,40079353.0,2.045999994,2989.94,7.57,3454456.178,1936470.72
2009,Water heating,Solar,426.1011178,82002356.0,40079353.0,2.045999994,2989.94,7.57,3454456.178,1936470.72
2010,Cooking,Electricity,2781.436971,81802257.0,40296678.0,2.030000016,2963.5,6.5,3597285.175,1947365.128
2010,Cooking,Natural gas,90.49824952,81802257.0,40296678.0,2.030000016,2963.5,6.5,3597285.175,1947365.128
2010,Space cooling,Air conditioning,96.4887587,81802257.0,40296678.0,2.030000016,2963.5,6.5,3597285.175,1947365.128
2010,Space heating,Advanced electric heating,323.6945551,81802257.0,40296678.0,2.030000016,2963.5,6.5,3597285.175,1947365.128
2010,Space heating,Biomass,6247.415086,81802257.0,40296678.0,2.030000016,2963.5,6.5,3597285.175,1947365.128
2010,Space heating,Conventional electric heating,197.9897212,81802257.0,40296678.0,2.030000016,2963.5,6.5,3597285.175,1947365.128
2010,Space heating,Diesel oil,11521.3572,81802257.0,40296678.0,2.030000016,2963.5,6.5,3597285.175,1947365.128
2010,Space heating,Distributed heat,4056.137095,81802257.0,40296678.0,2.030000016,2963.5,6.5,3597285.175,1947365.128
2010,Space heating,Electricity in circulation,469.5310462,81802257.0,40296678.0,2.030000016,2963.5,6.5,3597285.175,1947365.128
2010,Space heating,Geothermal,13.08902612,81802257.0,40296678.0,2.030000016,2963.5,6.5,3597285.175,1947365.128
2010,Space heating,Liquified petroleum gas (LPG),705.1248972,81802257.0,40296678.0,2.030000016,2963.5,6.5,3597285.175,1947365.128
2010,Space heating,Natural gas,20184.41338,81802257.0,40296678.0,2.030000016,2963.5,6.5,3597285.175,1947365.128
2010,Space heating,Solids,992.1415305,81802257.0,40296678.0,2.030000016,2963.5,6.5,3597285.175,1947365.128
2010,Water heating,Biomass,571.2053783,81802257.0,40296678.0,2.030000016,2963.5,6.5,3597285.175,1947365.128
2010,Water heating,Diesel oil,1991.597057,81802257.0,40296678.0,2.030000016,2963.5,6.5,3597285.175,1947365.128
2010,Water heating,Distributed heat,455.2797584,81802257.0,40296678.0,2.030000016,2963.5,6.5,3597285.175,1947365.128
2010,Water heating,Electricity,1349.320235,81802257.0,40296678.0,2.030000016,2963.5,6.5,3597285.175,1947365.128
2010,Water heating,Geothermal,1.050612748,81802257.0,40296678.0,2.030000016,2963.5,6.5,3597285.175,1947365.128
2010,Water heating,Liquified petroleum gas (LPG),123.8464699,81802257.0,40296678.0,2.030000016,2963.5,6.5,3597285.175,1947365.128
2010,Water heating,Natural gas,3770.436776,81802257.0,40296678.0,2.030000016,2963.5,6.5,3597285.175,1947365.128
2010,Water heating,Solar,454.9536543,81802257.0,40296678.0,2.030000016,2963.5,6.5,3597285.175,1947365.128
2011,Cooking,Electricity,2511.572723,80222065.0,39733564.0,2.018999982,3400.57,7.59,3732492.976,1970393.528
2011,Cooking,Natural gas,79.03190981,80222065.0,39733564.0,2.018999982,3400.57,7.59,3732492.976,1970393.528
2011,Space cooling,Air conditioning,103.1779163,80222065.0,39733564.0,2.018999982,3400.57,7.59,3732492.976,1970393.528
2011,Space heating,Advanced electric heating,354.578213,80222065.0,39733564.0,2.018999982,3400.57,7.59,3732492.976,1970393.528
2011,Space heating,Biomass,5491.757786,80222065.0,39733564.0,2.018999982,3400.57,7.59,3732492.976,1970393.528
2011,Space heating,Conventional electric heating,166.190309,80222065.0,39733564.0,2.018999982,3400.57,7.59,3732492.976,1970393.528
2011,Space heating,Diesel oil,9621.97697,80222065.0,39733564.0,2.018999982,3400.57,7.59,3732492.976,1970393.528
2011,Space heating,Distributed heat,3473.944143,80222065.0,39733564.0,2.018999982,3400.57,7.59,3732492.976,1970393.528
2011,Space heating,Electricity in circulation,388.4675045,80222065.0,39733564.0,2.018999982,3400.57,7.59,3732492.976,1970393.528
2011,Space heating,Geothermal,14.50944801,80222065.0,39733564.0,2.018999982,3400.57,7.59,3732492.976,1970393.528
2011,Space heating,Liquified petroleum gas (LPG),654.405825,80222065.0,39733564.0,2.018999982,3400.57,7.59,3732492.976,1970393.528
2011,Space heating,Natural gas,16425.1051,80222065.0,39733564.0,2.018999982,3400.57,7.59,3732492.976,1970393.528
2011,Space heating,Solids,865.783061,80222065.0,39733564.0,2.018999982,3400.57,7.59,3732492.976,1970393.528
2011,Water heating,Biomass,615.0779832,80222065.0,39733564.0,2.018999982,3400.57,7.59,3732492.976,1970393.528
2011,Water heating,Diesel oil,1956.709014,80222065.0,39733564.0,2.018999982,3400.57,7.59,3732492.976,1970393.528
2011,Water heating,Distributed heat,451.4164756,80222065.0,39733564.0,2.018999982,3400.57,7.59,3732492.976,1970393.528
2011,Water heating,Electricity,1449.00273,80222065.0,39733564.0,2.018999982,3400.57,7.59,3732492.976,1970393.528
2011,Water heating,Geothermal,1.349881313,80222065.0,39733564.0,2.018999982,3400.57,7.59,3732492.976,1970393.528
2011,Water heating,Liquified petroleum gas (LPG),134.9860064,80222065.0,39733564.0,2.018999982,3400.57,7.59,3732492.976,1970393.528
2011,Water heating,Natural gas,3419.850093,80222065.0,39733564.0,2.018999982,3400.57,7.59,3732492.976,1970393.528
2011,Water heating,Solar,521.233362,80222065.0,39733564.0,2.018999982,3400.57,7.59,3732492.976,1970393.528
2012,Cooking,Electricity,2553.48239,80327900.0,39984022.0,2.008999995,3076.83,25.72,3749758.266,1992587.682
2012,Cooking,Natural gas,86.47506449,80327900.0,39984022.0,2.008999995,3076.83,25.72,3749758.266,1992587.682
2012,Space cooling,Air conditioning,103.4800564,80327900.0,39984022.0,2.008999995,3076.83,25.72,3749758.266,1992587.682
2012,Space heating,Advanced electric heating,387.8843914,80327900.0,39984022.0,2.008999995,3076.83,25.72,3749758.266,1992587.682
2012,Space heating,Biomass,6679.966605,80327900.0,39984022.0,2.008999995,3076.83,25.72,3749758.266,1992587.682
2012,Space heating,Conventional electric heating,175.042856,80327900.0,39984022.0,2.008999995,3076.83,25.72,3749758.266,1992587.682
2012,Space heating,Diesel oil,10356.522,80327900.0,39984022.0,2.008999995,3076.83,25.72,3749758.266,1992587.682
2012,Space heating,Distributed heat,3014.888086,80327900.0,39984022.0,2.008999995,3076.83,25.72,3749758.266,1992587.682
2012,Space heating,Electricity in circulation,431.1136434,80327900.0,39984022.0,2.008999995,3076.83,25.72,3749758.266,1992587.682
2012,Space heating,Geothermal,19.30775848,80327900.0,39984022.0,2.008999995,3076.83,25.72,3749758.266,1992587.682
2012,Space heating,Liquified petroleum gas (LPG),609.5248782,80327900.0,39984022.0,2.008999995,3076.83,25.72,3749758.266,1992587.682
2012,Space heating,Natural gas,18298.61187,80327900.0,39984022.0,2.008999995,3076.83,25.72,3749758.266,1992587.682
2012,Space heating,Solids,742.8448839,80327900.0,39984022.0,2.008999995,3076.83,25.72,3749758.266,1992587.682
2012,Water heating,Biomass,574.4042467,80327900.0,39984022.0,2.008999995,3076.83,25.72,3749758.266,1992587.682
2012,Water heating,Diesel oil,1946.874558,80327900.0,39984022.0,2.008999995,3076.83,25.72,3749758.266,1992587.682
2012,Water heating,Distributed heat,361.2463934,80327900.0,39984022.0,2.008999995,3076.83,25.72,3749758.266,1992587.682
2012,Water heating,Electricity,1429.316819,80327900.0,39984022.0,2.008999995,3076.83,25.72,3749758.266,1992587.682
2012,Water heating,Geothermal,1.734545904,80327900.0,39984022.0,2.008999995,3076.83,25.72,3749758.266,1992587.682
2012,Water heating,Liquified petroleum gas (LPG),116.0999713,80327900.0,39984022.0,2.008999995,3076.83,25.72,3749758.266,1992587.682
2012,Water heating,Natural gas,3432.718312,80327900.0,39984022.0,2.008999995,3076.83,25.72,3749758.266,1992587.682
2012,Water heating,Solar,542.5384351,80327900.0,39984022.0,2.008999995,3076.83,25.72,3749758.266,1992587.682
2013,Cooking,Electricity,2523.139386,80523746.0,39823811.0,2.022000004,3278.21,0.51,3764658.394,1994232.116
2013,Cooking,Natural gas,97.26000764,80523746.0,39823811.0,2.022000004,3278.21,0.51,3764658.394,1994232.116
2013,Space cooling,Air conditioning,102.7247062,80523746.0,39823811.0,2.022000004,3278.21,0.51,3764658.394,1994232.116
2013,Space heating,Advanced electric heating,418.2223607,80523746.0,39823811.0,2.022000004,3278.21,0.51,3764658.394,1994232.116
2013,Space heating,Biomass,6840.206793,80523746.0,39823811.0,2.022000004,3278.21,0.51,3764658.394,1994232.116
2013,Space heating,Conventional electric heating,188.1700817,80523746.0,39823811.0,2.022000004,3278.21,0.51,3764658.394,1994232.116
2013,Space heating,Diesel oil,11898.6549,80523746.0,39823811.0,2.022000004,3278.21,0.51,3764658.394,1994232.116
2013,Space heating,Distributed heat,4075.311063,80523746.0,39823811.0,2.022000004,3278.21,0.51,3764658.394,1994232.116
2013,Space heating,Electricity in circulation,477.715067,80523746.0,39823811.0,2.022000004,3278.21,0.51,3764658.394,1994232.116
2013,Space heating,Geothermal,20.045965,80523746.0,39823811.0,2.022000004,3278.21,0.51,3764658.394,1994232.116
2013,Space heating,Liquified petroleum gas (LPG),766.3423112,80523746.0,39823811.0,2.022000004,3278.21,0.51,3764658.394,1994232.116
2013,Space heating,Natural gas,19381.04983,80523746.0,39823811.0,2.022000004,3278.21,0.51,3764658.394,1994232.116
2013,Space heating,Solids,691.6314703,80523746.0,39823811.0,2.022000004,3278.21,0.51,3764658.394,1994232.116
2013,Water heating,Biomass,665.5494411,80523746.0,39823811.0,2.022000004,3278.21,0.51,3764658.394,1994232.116
2013,Water heating,Diesel oil,1450.428251,80523746.0,39823811.0,2.022000004,3278.21,0.51,3764658.394,1994232.116
2013,Water heating,Distributed heat,331.0613356,80523746.0,39823811.0,2.022000004,3278.21,0.51,3764658.394,1994232.116
2013,Water heating,Electricity,1385.273578,80523746.0,39823811.0,2.022000004,3278.21,0.51,3764658.394,1994232.116
2013,Water heating,Geothermal,1.689030697,80523746.0,39823811.0,2.022000004,3278.21,0.51,3764658.394,1994232.116
2013,Water heating,Liquified petroleum gas (LPG),94.51263292,80523746.0,39823811.0,2.022000004,3278.21,0.51,3764658.394,1994232.116
2013,Water heating,Natural gas,3258.724381,80523746.0,39823811.0,2.022000004,3278.21,0.51,3764658.394,1994232.116
2013,Water heating,Solar,548.4141015,80523746.0,39823811.0,2.022000004,3278.21,0.51,3764658.394,1994232.116
2014,Cooking,Electricity,2414.943504,80767463.0,40023520.0,2.017999991,2994.5,48.96,3846758.188,2013961.263
2014,Cooking,Natural gas,87.0385975,80767463.0,40023520.0,2.017999991,2994.5,48.96,3846758.188,2013961.263
2014,Space cooling,Air conditioning,100.2207653,80767463.0,40023520.0,2.017999991,2994.5,48.96,3846758.188,2013961.263
2014,Space heating,Advanced electric heating,440.5793786,80767463.0,40023520.0,2.017999991,2994.5,48.96,3846758.188,2013961.263
2014,Space heating,Biomass,5114.439453,80767463.0,40023520.0,2.017999991,2994.5,48.96,3846758.188,2013961.263
2014,Space heating,Conventional electric heating,146.3656437,80767463.0,40023520.0,2.017999991,2994.5,48.96,3846758.188,2013961.263
2014,Space heating,Diesel oil,10038.61907,80767463.0,40023520.0,2.017999991,2994.5,48.96,3846758.188,2013961.263
2014,Space heating,Distributed heat,3330.537475,80767463.0,40023520.0,2.017999991,2994.5,48.96,3846758.188,2013961.263
2014,Space heating,Electricity in circulation,386.0782364,80767463.0,40023520.0,2.017999991,2994.5,48.96,3846758.188,2013961.263
2014,Space heating,Geothermal,18.46514824,80767463.0,40023520.0,2.017999991,2994.5,48.96,3846758.188,2013961.263
2014,Space heating,Liquified petroleum gas (LPG),615.7856385,80767463.0,40023520.0,2.017999991,2994.5,48.96,3846758.188,2013961.263
2014,Space heating,Natural gas,15294.75018,80767463.0,40023520.0,2.017999991,2994.5,48.96,3846758.188,2013961.263
2014,Space heating,Solids,572.7649183,80767463.0,40023520.0,2.017999991,2994.5,48.96,3846758.188,2013961.263
2014,Water heating,Biomass,859.9801519,80767463.0,40023520.0,2.017999991,2994.5,48.96,3846758.188,2013961.263
2014,Water heating,Diesel oil,1595.250143,80767463.0,40023520.0,2.017999991,2994.5,48.96,3846758.188,2013961.263
2014,Water heating,Distributed heat,331.9732731,80767463.0,40023520.0,2.017999991,2994.5,48.96,3846758.188,2013961.263
2014,Water heating,Electricity,1113.033073,80767463.0,40023520.0,2.017999991,2994.5,48.96,3846758.188,2013961.263
2014,Water heating,Geothermal,1.860647119,80767463.0,40023520.0,2.017999991,2994.5,48.96,3846758.188,2013961.263
2014,Water heating,Liquified petroleum gas (LPG),98.03757734,80767463.0,40023520.0,2.017999991,2994.5,48.96,3846758.188,2013961.263
2014,Water heating,Natural gas,3178.686459,80767463.0,40023520.0,2.017999991,2994.5,48.96,3846758.188,2013961.263
2014,Water heating,Solar,590.7136715,80767463.0,40023520.0,2.017999991,2994.5,48.96,3846758.188,2013961.263
2015,Cooking,Electricity,2337.060738,81197537.0,40558210.0,2.002000014,3261.4,15.84,3910711.345,2060423.544
2015,Cooking,Natural gas,87.0463361,81197537.0,40558210.0,2.002000014,3261.4,15.84,3910711.345,2060423.544
2015,Space cooling,Air conditioning,97.95218305,81197537.0,40558210.0,2.002000014,3261.4,15.84,3910711.345,2060423.544
2015,Space heating,Advanced electric heating,462.3456769,81197537.0,40558210.0,2.002000014,3261.4,15.84,3910711.345,2060423.544
2015,Space heating,Biomass,5147.700697,81197537.0,40558210.0,2.002000014,3261.4,15.84,3910711.345,2060423.544
2015,Space heating,Conventional electric heating,146.7348434,81197537.0,40558210.0,2.002000014,3261.4,15.84,3910711.345,2060423.544
2015,Space heating,Diesel oil,9710.033023,81197537.0,40558210.0,2.002000014,3261.4,15.84,3910711.345,2060423.544
2015,Space heating,Distributed heat,3728.888254,81197537.0,40558210.0,2.002000014,3261.4,15.84,3910711.345,2060423.544
2015,Space heating,Electricity in circulation,405.6385096,81197537.0,40558210.0,2.002000014,3261.4,15.84,3910711.345,2060423.544
2015,Space heating,Geothermal,20.96501531,81197537.0,40558210.0,2.002000014,3261.4,15.84,3910711.345,2060423.544
2015,Space heating,Liquified petroleum gas (LPG),510.572262,81197537.0,40558210.0,2.002000014,3261.4,15.84,3910711.345,2060423.544
2015,Space heating,Natural gas,16639.63773,81197537.0,40558210.0,2.002000014,3261.4,15.84,3910711.345,2060423.544
2015,Space heating,Solids,600.7848667,81197537.0,40558210.0,2.002000014,3261.4,15.84,3910711.345,2060423.544
2015,Water heating,Biomass,831.5196809,81197537.0,40558210.0,2.002000014,3261.4,15.84,3910711.345,2060423.544
2015,Water heating,Diesel oil,1425.965343,81197537.0,40558210.0,2.002000014,3261.4,15.84,3910711.345,2060423.544
2015,Water heating,Distributed heat,341.1413251,81197537.0,40558210.0,2.002000014,3261.4,15.84,3910711.345,2060423.544
2015,Water heating,Electricity,1083.181128,81197537.0,40558210.0,2.002000014,3261.4,15.84,3910711.345,2060423.544
2015,Water heating,Geothermal,2.011940839,81197537.0,40558210.0,2.002000014,3261.4,15.84,3910711.345,2060423.544
2015,Water heating,Liquified petroleum gas (LPG),76.71088507,81197537.0,40558210.0,2.002000014,3261.4,15.84,3910711.345,2060423.544
2015,Water heating,Natural gas,3293.61542,81197537.0,40558210.0,2.002000014,3261.4,15.84,3910711.345,2060423.544
2015,Water heating,Solar,632.5116939,81197537.0,40558210.0,2.002000014,3261.4,15.84,3910711.345,2060423.544
2016,Cooking,Electricity,2256.943384,82175684.0,40822496.0,2.012999989,3815.5,3.27,3997625.706,2106471.395
2016,Cooking,Natural gas,81.72007261,82175684.0,40822496.0,2.012999989,3815.5,3.27,3997625.706,2106471.395
2016,Space cooling,Air conditioning,105.0967565,82175684.0,40822496.0,2.012999989,3815.5,3.27,3997625.706,2106471.395
2016,Space heating,Advanced electric heating,484.1633079,82175684.0,40822496.0,2.012999989,3815.5,3.27,3997625.706,2106471.395
2016,Space heating,Biomass,4823.944736,82175684.0,40822496.0,2.012999989,3815.5,3.27,3997625.706,2106471.395
2016,Space heating,Conventional electric heating,142.8921369,82175684.0,40822496.0,2.012999989,3815.5,3.27,3997625.706,2106471.395
2016,Space heating,Diesel oil,9419.519385,82175684.0,40822496.0,2.012999989,3815.5,3.27,3997625.706,2106471.395
2016,Space heating,Distributed heat,4059.963829,82175684.0,40822496.0,2.012999989,3815.5,3.27,3997625.706,2106471.395
2016,Space heating,Electricity in circulation,433.8611086,82175684.0,40822496.0,2.012999989,3815.5,3.27,3997625.706,2106471.395
2016,Space heating,Geothermal,27.17186747,82175684.0,40822496.0,2.012999989,3815.5,3.27,3997625.706,2106471.395
2016,Space heating,Liquified petroleum gas (LPG),658.2190327,82175684.0,40822496.0,2.012999989,3815.5,3.27,3997625.706,2106471.395
2016,Space heating,Natural gas,18794.50191,82175684.0,40822496.0,2.012999989,3815.5,3.27,3997625.706,2106471.395
2016,Space heating,Solids,519.5797077,82175684.0,40822496.0,2.012999989,3815.5,3.27,3997625.706,2106471.395
2016,Water heating,Biomass,679.2080587,82175684.0,40822496.0,2.012999989,3815.5,3.27,3997625.706,2106471.395
2016,Water heating,Diesel oil,1355.049489,82175684.0,40822496.0,2.012999989,3815.5,3.27,3997625.706,2106471.395
2016,Water heating,Distributed heat,359.7361708,82175684.0,40822496.0,2.012999989,3815.5,3.27,3997625.706,2106471.395
2016,Water heating,Electricity,1027.88095,82175684.0,40822496.0,2.012999989,3815.5,3.27,3997625.706,2106471.395
2016,Water heating,Geothermal,2.588321701,82175684.0,40822496.0,2.012999989,3815.5,3.27,3997625.706,2106471.395
2016,Water heating,Liquified petroleum gas (LPG),95.89489682,82175684.0,40822496.0,2.012999989,3815.5,3.27,3997625.706,2106471.395
2016,Water heating,Natural gas,3518.149122,82175684.0,40822496.0,2.012999989,3815.5,3.27,3997625.706,2106471.395
2016,Water heating,Solar,631.9623388,82175684.0,40822496.0,2.012999989,3815.5,3.27,3997625.706,2106471.395
2017,Cooking,Electricity,2422.068607,82521653.0,41178470.0,2.003999979,3227.46,7.77,4109480.783,2138125.799
2017,Cooking,Natural gas,86.39287762,82521653.0,41178470.0,2.003999979,3227.46,7.77,4109480.783,2138125.799
2017,Space cooling,Air conditioning,112.2084886,82521653.0,41178470.0,2.003999979,3227.46,7.77,4109480.783,2138125.799
2017,Space heating,Advanced electric heating,507.3690382,82521653.0,41178470.0,2.003999979,3227.46,7.77,4109480.783,2138125.799
2017,Space heating,Biomass,4941.825002,82521653.0,41178470.0,2.003999979,3227.46,7.77,4109480.783,2138125.799
2017,Space heating,Conventional electric heating,140.3674841,82521653.0,41178470.0,2.003999979,3227.46,7.77,4109480.783,2138125.799
2017,Space heating,Diesel oil,9282.26584,82521653.0,41178470.0,2.003999979,3227.46,7.77,4109480.783,2138125.799
2017,Space heating,Distributed heat,4045.631513,82521653.0,41178470.0,2.003999979,3227.46,7.77,4109480.783,2138125.799
2017,Space heating,Electricity in circulation,426.1741438,82521653.0,41178470.0,2.003999979,3227.46,7.77,4109480.783,2138125.799
2017,Space heating,Geothermal,25.40749458,82521653.0,41178470.0,2.003999979,3227.46,7.77,4109480.783,2138125.799
2017,Space heating,Liquified petroleum gas (LPG),486.0588349,82521653.0,41178470.0,2.003999979,3227.46,7.77,4109480.783,2138125.799
2017,Space heating,Natural gas,18186.45086,82521653.0,41178470.0,2.003999979,3227.46,7.77,4109480.783,2138125.799
2017,Space heating,Solids,500.3765262,82521653.0,41178470.0,2.003999979,3227.46,7.77,4109480.783,2138125.799
2017,Water heating,Biomass,721.9993312,82521653.0,41178470.0,2.003999979,3227.46,7.77,4109480.783,2138125.799
2017,Water heating,Diesel oil,1501.480677,82521653.0,41178470.0,2.003999979,3227.46,7.77,4109480.783,2138125.799
2017,Water heating,Distributed heat,385.5092433,82521653.0,41178470.0,2.003999979,3227.46,7.77,4109480.783,2138125.799
2017,Water heating,Electricity,1109.936836,82521653.0,41178470.0,2.003999979,3227.46,7.77,4109480.783,2138125.799
2017,Water heating,Geothermal,2.394139127,82521653.0,41178470.0,2.003999979,3227.46,7.77,4109480.783,2138125.799
2017,Water heating,Liquified petroleum gas (LPG),79.78381341,82521653.0,41178470.0,2.003999979,3227.46,7.77,4109480.783,2138125.799
2017,Water heating,Natural gas,3639.845514,82521653.0,41178470.0,2.003999979,3227.46,7.77,4109480.783,2138125.799
2017,Water heating,Solar,645.5766122,82521653.0,41178470.0,2.003999979,3227.46,7.77,4109480.783,2138125.799
2018,Cooking,Electricity,2298.127889,82792351.0,41437613.0,1.998000005,3111.72,14.0,4156123.782,2168351.97
2018,Cooking,Natural gas,92.9381628,82792351.0,41437613.0,1.998000005,3111.72,14.0,4156123.782,2168351.97
2018,Space cooling,Air conditioning,106.1687207,82792351.0,41437613.0,1.998000005,3111.72,14.0,4156123.782,2168351.97
2018,Space heating,Advanced electric heating,528.3292237,82792351.0,41437613.0,1.998000005,3111.72,14.0,4156123.782,2168351.97
2018,Space heating,Biomass,5184.94614,82792351.0,41437613.0,1.998000005,3111.72,14.0,4156123.782,2168351.97
2018,Space heating,Conventional electric heating,124.6617256,82792351.0,41437613.0,1.998000005,3111.72,14.0,4156123.782,2168351.97
2018,Space heating,Diesel oil,8017.813485,82792351.0,41437613.0,1.998000005,3111.72,14.0,4156123.782,2168351.97
2018,Space heating,Distributed heat,3325.547368,82792351.0,41437613.0,1.998000005,3111.72,14.0,4156123.782,2168351.97
2018,Space heating,Electricity in circulation,423.1731379,82792351.0,41437613.0,1.998000005,3111.72,14.0,4156123.782,2168351.97
2018,Space heating,Geothermal,21.01875698,82792351.0,41437613.0,1.998000005,3111.72,14.0,4156123.782,2168351.97
2018,Space heating,Liquified petroleum gas (LPG),735.4616982,82792351.0,41437613.0,1.998000005,3111.72,14.0,4156123.782,2168351.97
2018,Space heating,Natural gas,18479.50853,82792351.0,41437613.0,1.998000005,3111.72,14.0,4156123.782,2168351.97
2018,Space heating,Solids,492.4752365,82792351.0,41437613.0,1.998000005,3111.72,14.0,4156123.782,2168351.97
2018,Water heating,Biomass,850.3075141,82792351.0,41437613.0,1.998000005,3111.72,14.0,4156123.782,2168351.97
2018,Water heating,Diesel oil,1390.775509,82792351.0,41437613.0,1.998000005,3111.72,14.0,4156123.782,2168351.97
2018,Water heating,Distributed heat,330.9205599,82792351.0,41437613.0,1.998000005,3111.72,14.0,4156123.782,2168351.97
2018,Water heating,Electricity,1049.329911,82792351.0,41437613.0,1.998000005,3111.72,14.0,4156123.782,2168351.97
2018,Water heating,Geothermal,1.958199164,82792351.0,41437613.0,1.998000005,3111.72,14.0,4156123.782,2168351.97
2018,Water heating,Liquified petroleum gas (LPG),129.7631513,82792351.0,41437613.0,1.998000005,3111.72,14.0,4156123.782,2168351.97
2018,Water heating,Natural gas,3981.545913,82792351.0,41437613.0,1.998000005,3111.72,14.0,4156123.782,2168351.97
2018,Water heating,Solar,729.7697334,82792351.0,41437613.0,1.998000005,3111.72,14.0,4156123.782,2168351.97
2019,Cooking,Electricity,2277.876078,83019213.0,41551158.0,1.997999984,2974.45,5.47,4196766.143,2204522.175
2019,Cooking,Natural gas,104.3712859,83019213.0,41551158.0,1.997999984,2974.45,5.47,4196766.143,2204522.175
2019,Space cooling,Air conditioning,108.2028279,83019213.0,41551158.0,1.997999984,2974.45,5.47,4196766.143,2204522.175
2019,Space heating,Advanced electric heating,556.471693,83019213.0,41551158.0,1.997999984,2974.45,5.47,4196766.143,2204522.175
2019,Space heating,Biomass,5424.857973,83019213.0,41551158.0,1.997999984,2974.45,5.47,4196766.143,2204522.175
2019,Space heating,Conventional electric heating,108.3124676,83019213.0,41551158.0,1.997999984,2974.45,5.47,4196766.143,2204522.175
2019,Space heating,Diesel oil,9384.925853,83019213.0,41551158.0,1.997999984,2974.45,5.47,4196766.143,2204522.175
2019,Space heating,Distributed heat,3609.681112,83019213.0,41551158.0,1.997999984,2974.45,5.47,4196766.143,2204522.175
2019,Space heating,Electricity in circulation,447.6323608,83019213.0,41551158.0,1.997999984,2974.45,5.47,4196766.143,2204522.175
2019,Space heating,Geothermal,23.17892472,83019213.0,41551158.0,1.997999984,2974.45,5.47,4196766.143,2204522.175
2019,Space heating,Liquified petroleum gas (LPG),664.7313672,83019213.0,41551158.0,1.997999984,2974.45,5.47,4196766.143,2204522.175
2019,Space heating,Natural gas,18820.84711,83019213.0,41551158.0,1.997999984,2974.45,5.47,4196766.143,2204522.175
2019,Space heating,Solids,345.3883061,83019213.0,41551158.0,1.997999984,2974.45,5.47,4196766.143,2204522.175
2019,Water heating,Biomass,710.6631795,83019213.0,41551158.0,1.997999984,2974.45,5.47,4196766.143,2204522.175
2019,Water heating,Diesel oil,1701.526942,83019213.0,41551158.0,1.997999984,2974.45,5.47,4196766.143,2204522.175
2019,Water heating,Distributed heat,357.5014331,83019213.0,41551158.0,1.997999984,2974.45,5.47,4196766.143,2204522.175
2019,Water heating,Electricity,958.4455831,83019213.0,41551158.0,1.997999984,2974.45,5.47,4196766.143,2204522.175
2019,Water heating,Geothermal,2.138702103,83019213.0,41551158.0,1.997999984,2974.45,5.47,4196766.143,2204522.175
2019,Water heating,Liquified petroleum gas (LPG),122.3043164,83019213.0,41551158.0,1.997999984,2974.45,5.47,4196766.143,2204522.175
2019,Water heating,Natural gas,3744.883497,83019213.0,41551158.0,1.997999984,2974.45,5.47,4196766.143,2204522.175
2019,Water heating,Solar,697.6927773,83019213.0,41551158.0,1.997999984,2974.45,5.47,4196766.143,2204522.175
2020,Cooking,Electricity,2201.671612,83166711.0,41467181.0,2.005603202,2842.27,7.21,4023378.626,2055696.812
2020,Cooking,Natural gas,101.4151858,83166711.0,41467181.0,2.005603202,2842.27,7.21,4023378.626,2055696.812
2020,Space cooling,Air conditioning,109.3764211,83166711.0,41467181.0,2.005603202,2842.27,7.21,4023378.626,2055696.812
2020,Space heating,Advanced electric heating,592.2911869,83166711.0,41467181.0,2.005603202,2842.27,7.21,4023378.626,2055696.812
2020,Space heating,Biomass,5063.505388,83166711.0,41467181.0,2.005603202,2842.27,7.21,4023378.626,2055696.812
2020,Space heating,Conventional electric heating,96.07775253,83166711.0,41467181.0,2.005603202,2842.27,7.21,4023378.626,2055696.812
2020,Space heating,Diesel oil,10303.36492,83166711.0,41467181.0,2.005603202,2842.27,7.21,4023378.626,2055696.812
2020,Space heating,Distributed heat,3515.580601,83166711.0,41467181.0,2.005603202,2842.27,7.21,4023378.626,2055696.812
2020,Space heating,Electricity in circulation,457.1706474,83166711.0,41467181.0,2.005603202,2842.27,7.21,4023378.626,2055696.812
2020,Space heating,Geothermal,22.14454122,83166711.0,41467181.0,2.005603202,2842.27,7.21,4023378.626,2055696.812
2020,Space heating,Liquified petroleum gas (LPG),735.114991,83166711.0,41467181.0,2.005603202,2842.27,7.21,4023378.626,2055696.812
2020,Space heating,Natural gas,18318.06718,83166711.0,41467181.0,2.005603202,2842.27,7.21,4023378.626,2055696.812
2020,Space heating,Solids,315.7059329,83166711.0,41467181.0,2.005603202,2842.27,7.21,4023378.626,2055696.812
2020,Water heating,Biomass,686.8051017,83166711.0,41467181.0,2.005603202,2842.27,7.21,4023378.626,2055696.812
2020,Water heating,Diesel oil,1869.978671,83166711.0,41467181.0,2.005603202,2842.27,7.21,4023378.626,2055696.812
2020,Water heating,Distributed heat,348.1817378,83166711.0,41467181.0,2.005603202,2842.27,7.21,4023378.626,2055696.812
2020,Water heating,Electricity,927.2936123,83166711.0,41467181.0,2.005603202,2842.27,7.21,4023378.626,2055696.812
2020,Water heating,Geothermal,2.026653962,83166711.0,41467181.0,2.005603202,2842.27,7.21,4023378.626,2055696.812
2020,Water heating,Liquified petroleum gas (LPG),135.2538826,83166711.0,41467181.0,2.005603202,2842.27,7.21,4023378.626,2055696.812
2020,Water heating,Natural gas,3619.775499,83166711.0,41467181.0,2.005603202,2842.27,7.21,4023378.626,2055696.812
2020,Water heating,Solar,732.1343078,83166711.0,41467181.0,2.005603202,2842.27,7.21,4023378.626,2055696.812
2021,Cooking,Electricity,2289.859809,83155031.0,41473831.0,2.004999996,3216.74,12.09,4180695.601,2096191.744
2021,Cooking,Natural gas,116.9970383,83155031.0,41473831.0,2.004999996,3216.74,12.09,4180695.601,2096191.744
2021,Space cooling,Air conditioning,119.4218974,83155031.0,41473831.0,2.004999996,3216.74,12.09,4180695.601,2096191.744
2021,Space heating,Advanced electric heating,621.0110802,83155031.0,41473831.0,2.004999996,3216.74,12.09,4180695.601,2096191.744
2021,Space heating,Biomass,6010.409401,83155031.0,41473831.0,2.004999996,3216.74,12.09,4180695.601,2096191.744
2021,Space heating,Conventional electric heating,89.20111646,83155031.0,41473831.0,2.004999996,3216.74,12.09,4180695.601,2096191.744
2021,Space heating,Diesel oil,6036.558121,83155031.0,41473831.0,2.004999996,3216.74,12.09,4180695.601,2096191.744
2021,Space heating,Distributed heat,3449.82666,83155031.0,41473831.0,2.004999996,3216.74,12.09,4180695.601,2096191.744
2021,Space heating,Electricity in circulation,452.6147782,83155031.0,41473831.0,2.004999996,3216.74,12.09,4180695.601,2096191.744
2021,Space heating,Geothermal,34.78831133,83155031.0,41473831.0,2.004999996,3216.74,12.09,4180695.601,2096191.744
2021,Space heating,Liquified petroleum gas (LPG),667.7282756,83155031.0,41473831.0,2.004999996,3216.74,12.09,4180695.601,2096191.744
2021,Space heating,Natural gas,21170.77181,83155031.0,41473831.0,2.004999996,3216.74,12.09,4180695.601,2096191.744
2021,Space heating,Solids,348.1129837,83155031.0,41473831.0,2.004999996,3216.74,12.09,4180695.601,2096191.744
2021,Water heating,Biomass,744.1286902,83155031.0,41473831.0,2.004999996,3216.74,12.09,4180695.601,2096191.744
2021,Water heating,Diesel oil,1080.533367,83155031.0,41473831.0,2.004999996,3216.74,12.09,4180695.601,2096191.744
2021,Water heating,Distributed heat,413.9356788,83155031.0,41473831.0,2.004999996,3216.74,12.09,4180695.601,2096191.744
2021,Water heating,Electricity,964.6119915,83155031.0,41473831.0,2.004999996,3216.74,12.09,4180695.601,2096191.744
2021,Water heating,Geothermal,3.164311197,83155031.0,41473831.0,2.004999996,3216.74,12.09,4180695.601,2096191.744
2021,Water heating,Liquified petroleum gas (LPG),122.3938224,83155031.0,41473831.0,2.004999996,3216.74,12.09,4180695.601,2096191.744
2021,Water heating,Natural gas,4110.537252,83155031.0,41473831.0,2.004999996,3216.74,12.09,4180695.601,2096191.744
2021,Water heating,Solar,702.8040413,83155031.0,41473831.0,2.004999996,3216.74,12.09,4180695.601,2096191.744
2022,Cooking,Electricity,2603.632644,83237124.0,41514775.0,2.005000003,3052.98,13.6,4256330.411,2233093.159
2022,Cooking,Natural gas,100.3666285,83237124.0,41514775.0,2.005000003,3052.98,13.6,4256330.411,2233093.159
2022,Space cooling,Air conditioning,115.1264928,83237124.0,41514775.0,2.005000003,3052.98,13.6,4256330.411,2233093.159
2022,Space heating,Advanced electric heating,690.0001532,83237124.0,41514775.0,2.005000003,3052.98,13.6,4256330.411,2233093.159
2022,Space heating,Biomass,6534.126488,83237124.0,41514775.0,2.005000003,3052.98,13.6,4256330.411,2233093.159
2022,Space heating,Conventional electric heating,92.9848792,83237124.0,41514775.0,2.005000003,3052.98,13.6,4256330.411,2233093.159
2022,Space heating,Diesel oil,8393.068797,83237124.0,41514775.0,2.005000003,3052.98,13.6,4256330.411,2233093.159
2022,Space heating,Distributed heat,3127.183238,83237124.0,41514775.0,2.005000003,3052.98,13.6,4256330.411,2233093.159
2022,Space heating,Electricity in circulation,447.5953617,83237124.0,41514775.0,2.005000003,3052.98,13.6,4256330.411,2233093.159
2022,Space heating,Geothermal,32.68302116,83237124.0,41514775.0,2.005000003,3052.98,13.6,4256330.411,2233093.159
2022,Space heating,Liquified petroleum gas (LPG),730.8680847,83237124.0,41514775.0,2.005000003,3052.98,13.6,4256330.411,2233093.159
2022,Space heating,Natural gas,17813.32903,83237124.0,41514775.0,2.005000003,3052.98,13.6,4256330.411,2233093.159
2022,Space heating,Solids,298.1466036,83237124.0,41514775.0,2.005000003,3052.98,13.6,4256330.411,2233093.159
2022,Water heating,Biomass,794.573254,83237124.0,41514775.0,2.005000003,3052.98,13.6,4256330.411,2233093.159
2022,Water heating,Diesel oil,1531.947024,83237124.0,41514775.0,2.005000003,3052.98,13.6,4256330.411,2233093.159
2022,Water heating,Distributed heat,323.0173641,83237124.0,41514775.0,2.005000003,3052.98,13.6,4256330.411,2233093.159
2022,Water heating,Electricity,1097.912961,83237124.0,41514775.0,2.005000003,3052.98,13.6,4256330.411,2233093.159
2022,Water heating,Geothermal,2.952748399,83237124.0,41514775.0,2.005000003,3052.98,13.6,4256330.411,2233093.159
2022,Water heating,Liquified petroleum gas (LPG),135.3855696,83237124.0,41514775.0,2.005000003,3052.98,13.6,4256330.411,2233093.159
2022,Water heating,Natural gas,3733.867195,83237124.0,41514775.0,2.005000003,3052.98,13.6,4256330.411,2233093.159
2022,Water heating,Solar,800.1576096,83237124.0,41514775.0,2.005000003,3052.98,13.6,4256330.411,2233093.159
2023,Cooking,Electricity,2272.91762,83118501.0,41086753.0,2.022999992,3221.84,51.71,4219310.0,2218511.0
2023,Cooking,Natural gas,90.8826789,83118501.0,41086753.0,2.022999992,3221.84,51.71,4219310.0,2218511.0
2023,Space cooling,Air conditioning,108.6047339,83118501.0,41086753.0,2.022999992,3221.84,51.71,4219310.0,2218511.0
2023,Space heating,Advanced electric heating,803.6357768,83118501.0,41086753.0,2.022999992,3221.84,51.71,4219310.0,2218511.0
2023,Space heating,Biomass,5053.216972,83118501.0,41086753.0,2.022999992,3221.84,51.71,4219310.0,2218511.0
2023,Space heating,Conventional electric heating,81.87859301,83118501.0,41086753.0,2.022999992,3221.84,51.71,4219310.0,2218511.0
2023,Space heating,Diesel oil,7924.586964,83118501.0,41086753.0,2.022999992,3221.84,51.71,4219310.0,2218511.0
2023,Space heating,Distributed heat,3072.705971,83118501.0,41086753.0,2.022999992,3221.84,51.71,4219310.0,2218511.0
2023,Space heating,Electricity in circulation,414.5179143,83118501.0,41086753.0,2.022999992,3221.84,51.71,4219310.0,2218511.0
2023,Space heating,Geothermal,35.72505243,83118501.0,41086753.0,2.022999992,3221.84,51.71,4219310.0,2218511.0
2023,Space heating,Liquified petroleum gas (LPG),469.5959003,83118501.0,41086753.0,2.022999992,3221.84,51.71,4219310.0,2218511.0
2023,Space heating,Natural gas,16612.91251,83118501.0,41086753.0,2.022999992,3221.84,51.71,4219310.0,2218511.0
2023,Space heating,Solids,311.4836629,83118501.0,41086753.0,2.022999992,3221.84,51.71,4219310.0,2218511.0
2023,Water heating,Biomass,657.8511274,83118501.0,41086753.0,2.022999992,3221.84,51.71,4219310.0,2218511.0
2023,Water heating,Diesel oil,1460.184317,83118501.0,41086753.0,2.022999992,3221.84,51.71,4219310.0,2218511.0
2023,Water heating,Distributed heat,322.3762301,83118501.0,41086753.0,2.022999992,3221.84,51.71,4219310.0,2218511.0
2023,Water heating,Electricity,955.9536097,83118501.0,41086753.0,2.022999992,3221.84,51.71,4219310.0,2218511.0
2023,Water heating,Geothermal,3.206847829,83118501.0,41086753.0,2.022999992,3221.84,51.71,4219310.0,2218511.0
2023,Water heating,Liquified petroleum gas (LPG),86.98750473,83118501.0,41086753.0,2.022999992,3221.84,51.71,4219310.0,2218511.0
2023,Water heating,Natural gas,3267.809027,83118501.0,41086753.0,2.022999992,3221.84,51.71,4219310.0,2218511.0
2023,Water heating,Solar,749.3312124,83118501.0,41086753.0,2.022999992,3221.84,51.71,4219310.0,2218511.0
